-- phpMyAdmin SQL Dump
-- version 2.11.11.3
-- http://www.phpmyadmin.net
--
-- 主机: localhost
-- 生成日期: 2014 年 06 月 23 日 15:20
-- 服务器版本: 5.1.58
-- PHP 版本: 5.2.17

SET SQL_MODE="NO_AUTO_VALUE_ON_ZERO";

--
-- 数据库: `weilan`
--

-- --------------------------------------------------------

--
-- 表的结构 `x_data_model`
--

CREATE TABLE IF NOT EXISTS `x_data_model` (
  `id` int(11) NOT NULL AUTO_INCREMENT,
  `name` varchar(15) NOT NULL,
  `type` varchar(20) NOT NULL,
  `listable` smallint(1) NOT NULL DEFAULT '1',
  `deleted` smallint(1) NOT NULL DEFAULT '0',
  PRIMARY KEY (`id`),
  KEY `type` (`type`),
  KEY `deleted` (`deleted`)
) ENGINE=MyISAM  DEFAULT CHARSET=utf8 AUTO_INCREMENT=2 ;

--
-- 导出表中的数据 `x_data_model`
--

INSERT INTO `x_data_model` (`id`, `name`, `type`, `listable`, `deleted`) VALUES
  (1, '基本产品模型', '无', 1, 0);

-- --------------------------------------------------------

--
-- 表的结构 `x_data_model_data`
--

CREATE TABLE IF NOT EXISTS `x_data_model_data` (
  `id` int(11) NOT NULL AUTO_INCREMENT,
  `source_id` int(11) NOT NULL,
  `model_id` int(11) NOT NULL,
  `field_id` int(11) NOT NULL,
  `data` varchar(50) NOT NULL,
  `pinyin` varchar(50) NOT NULL,
  `deleted` smallint(1) NOT NULL DEFAULT '0',
  PRIMARY KEY (`id`),
  KEY `source_id` (`source_id`,`field_id`),
  KEY `model_id` (`model_id`),
  KEY `deleted` (`deleted`),
  KEY `pinyi` (`pinyin`),
  KEY `data` (`data`)
) ENGINE=MyISAM  DEFAULT CHARSET=utf8 AUTO_INCREMENT=450 ;

--
-- 导出表中的数据 `x_data_model_data`
--

INSERT INTO `x_data_model_data` (`id`, `source_id`, `model_id`, `field_id`, `data`, `pinyin`, `deleted`) VALUES
  (1, 17, 1, 2, '内六角', 'NLJ', 0),
  (2, 17, 1, 2, '外六角', 'WLJ', 0),
  (3, 17, 1, 1, '8*20', '8*20', 0),
  (4, 17, 1, 1, '8*15', '8*15', 0),
  (5, 17, 1, 2, '沉头内六角', 'CTNLJ', 0),
  (6, 17, 1, 2, '高强度', 'GQD', 0),
  (7, 17, 1, 1, '6*20', '6*20', 0),
  (8, 17, 1, 1, '6*10', '6*10', 0),
  (9, 28, 1, 1, 'NSK6904ZZ', 'NSK6904ZZ', 0),
  (10, 28, 1, 1, 'NSK6905ZZ', 'NSK6905ZZ', 0),
  (11, 28, 1, 1, 'NSK6201ZZ', 'NSK6201ZZ', 1),
  (12, 27, 1, 1, 'TRH25FL-N-Z0', 'TRH25FL-N-Z0', 0),
  (13, 27, 1, 1, 'TRH20VE-N-Z2', 'TRH20VE-N-Z2', 0),
  (14, 27, 1, 1, 'TRH25VE-N-Z2', 'TRH25VE-N-Z2', 0),
  (15, 27, 1, 1, 'SBI20SLL-C-K1', 'SBI20SLL-C-K1', 0),
  (16, 27, 1, 1, 'SBI20SLL-C-K2', 'SBI20SLL-C-K2', 0),
  (17, 27, 1, 1, 'SBI25FL', 'SBI25FL', 0),
  (18, 27, 1, 1, 'SBG25FL', 'SBG25FL', 0),
  (19, 29, 1, 1, 'TR20', 'TR20', 0),
  (20, 29, 1, 1, 'TR25', 'TR25', 0),
  (21, 29, 1, 1, 'SBI20', 'SBI20', 0),
  (22, 29, 1, 1, 'SBI25', 'SBI25', 0),
  (23, 29, 1, 1, 'SBG20', 'SBG20', 0),
  (24, 29, 1, 1, 'SBG25', 'SBG25', 0),
  (25, 27, 1, 1, 'SBG20FL', 'SBG20FL', 0),
  (26, 28, 1, 1, 'NSK6201ZZ', 'NSK6201ZZ', 0),
  (27, 28, 1, 1, 'NSK6201ZZ', 'NSK6201ZZ', 1),
  (28, 28, 1, 1, 'C&U6910ZZ', 'C&U6910ZZ', 0),
  (29, 28, 1, 1, 'C&U6005ZZ', 'C&U6005ZZ', 0),
  (30, 28, 1, 1, 'C&U6006', 'C&U6006', 0),
  (31, 28, 1, 1, 'C&U6001', 'C&U6001', 0),
  (32, 28, 1, 1, 'C&U6002', 'C&U6002', 0),
  (33, 28, 1, 1, 'C&U6003', 'C&U6003', 0),
  (34, 28, 1, 1, 'C&U6205', 'C&U6205', 0),
  (35, 28, 1, 1, '普通6001', 'PT6001', 0),
  (36, 28, 1, 1, '普通6002', 'PT6002', 0),
  (37, 28, 1, 1, '普通6003', 'PT6003', 0),
  (38, 28, 1, 1, '普通6004', 'PT6004', 0),
  (39, 28, 1, 1, '普通626', 'PT626', 0),
  (40, 28, 1, 1, '普通686', 'PT686', 0),
  (41, 30, 1, 1, 'HK1201', 'HK1201', 0),
  (42, 31, 1, 1, 'A*15', 'A*15', 0),
  (43, 46, 1, 1, '大磨光机', 'DMGJ', 0),
  (44, 46, 1, 1, '小电钻', 'DZ', 0),
  (45, 46, 1, 1, '小磨光机', 'MGJ', 0),
  (46, 46, 1, 1, '大电钻', 'DDZ', 0),
  (47, 46, 1, 1, '磁力钻', 'CLZ', 0),
  (48, 46, 1, 1, '大磨光片', 'DMGP', 0),
  (49, 46, 1, 1, '大切割片', 'DQGP', 0),
  (50, 46, 1, 1, '抛光片', 'PGP', 0),
  (51, 46, 1, 1, '小切割片', 'QGP', 0),
  (52, 46, 1, 1, '小磨光片', 'MGP', 0),
  (53, 46, 1, 1, '纱布片', 'SBP', 0),
  (54, 34, 1, 1, '10*6.5红', '10*6.5H', 0),
  (55, 34, 1, 1, '10*6.5蓝', '10*6.5L', 0),
  (56, 34, 1, 1, '8*5.5红', '8*5.5H', 0),
  (57, 34, 1, 1, '8*5.5蓝', '8*5.5L', 0),
  (58, 34, 1, 1, '6*4红', '6*4H', 0),
  (59, 34, 1, 1, '6*4蓝', '6*4L', 0),
  (60, 34, 1, 1, 'CLW伸缩管8*5-30红色', 'CLWSSG8*5-30HS', 0),
  (61, 42, 1, 1, '3*1.5硅橡胶电缆线', '3*1.5GXJDLX', 0),
  (62, 42, 1, 1, 'R V V 3*0.75', 'R V V 3*0.75', 0),
  (63, 42, 1, 1, '4*0.75', '4*0.75', 0),
  (64, 42, 1, 1, '2*0.75', '2*0.75', 0),
  (65, 42, 1, 1, '3*0.75', '3*0.75', 0),
  (66, 42, 1, 1, '5*0.75', '5*0.75', 0),
  (67, 42, 1, 1, '6*0.75', '6*0.75', 0),
  (68, 42, 1, 1, '3*2.5', '3*2.5', 0),
  (69, 42, 1, 1, '3*1.5硅橡胶扁电缆', '3*1.5GXJBDL', 0),
  (70, 32, 1, 1, '32*30', '32*30', 1),
  (71, 24, 0, 2, '支架', 'ZJ', 0),
  (72, 58, 1, 2, '5*15', '5*15', 0),
  (73, 58, 1, 2, '5*6', '5*6', 0),
  (74, 58, 1, 1, '5*10', '5*10', 0),
  (75, 58, 1, 2, '5*20', '5*20', 0),
  (76, 58, 1, 2, '5*30', '5*30', 0),
  (77, 58, 1, 1, '5*45', '5*45', 0),
  (78, 58, 1, 2, '5*60', '5*60', 0),
  (79, 58, 1, 2, '5*70', '5*70', 0),
  (80, 58, 1, 2, '5*70', '5*70', 1),
  (81, 58, 1, 2, '6*10', '6*10', 0),
  (82, 58, 1, 2, '6*15', '6*15', 0),
  (83, 58, 1, 2, '6*20', '6*20', 0),
  (84, 58, 1, 2, '6*25', '6*25', 0),
  (85, 58, 1, 2, '6*30', '6*30', 0),
  (86, 58, 1, 2, '6*40', '6*40', 0),
  (87, 58, 1, 2, '6*45', '6*45', 1),
  (88, 58, 1, 2, '6*45(全丝）', '6*45(QS', 0),
  (89, 58, 1, 2, '6*45(半丝）', '6*45(BS', 0),
  (90, 58, 1, 2, '6*80', '6*80', 0),
  (91, 58, 1, 2, '6*12', '6*12', 0),
  (92, 58, 1, 2, '8*10', '8*10', 0),
  (93, 58, 1, 2, '8*15', '8*15', 0),
  (94, 58, 1, 2, '8*20', '8*20', 0),
  (95, 58, 1, 2, '8*25', '8*25', 0),
  (96, 58, 1, 2, '8*30', '8*30', 0),
  (97, 58, 1, 2, '8*35', '8*35', 0),
  (98, 58, 1, 2, '8*40', '8*40', 0),
  (99, 58, 1, 2, '8*45', '8*45', 0),
  (100, 58, 1, 2, '8*70', '8*70', 0),
  (101, 58, 1, 2, '8*80', '8*80', 0),
  (102, 58, 1, 2, '10*20', '10*20', 0),
  (103, 58, 1, 2, '10*25', '10*25', 0),
  (104, 58, 1, 2, '10*30', '10*30', 0),
  (105, 58, 1, 2, '10*35', '10*35', 0),
  (106, 58, 1, 2, '10*40', '10*40', 0),
  (107, 58, 1, 2, '10*50', '10*50', 0),
  (108, 58, 1, 2, '10*80（半丝）', '10*80BS', 0),
  (109, 58, 1, 2, '10*80（全丝）', '10*80QS', 0),
  (110, 58, 1, 2, '12*25', '12*25', 0),
  (111, 59, 1, 2, '6*20', '6*20', 1),
  (112, 59, 1, 2, '6*30', '6*30', 0),
  (113, 59, 1, 2, '6*35', '6*35', 1),
  (114, 59, 1, 2, '8*20', '8*20', 0),
  (115, 59, 1, 2, '8*35', '8*35', 0),
  (116, 59, 1, 2, '8*40', '8*40', 0),
  (117, 59, 1, 2, '8*60', '8*60', 0),
  (118, 59, 1, 2, '10*20', '10*20', 0),
  (119, 59, 1, 2, '10*25', '10*25', 0),
  (120, 59, 1, 2, '10*30', '10*30', 0),
  (121, 59, 1, 2, '10*35(高强度）', '10*35(GQD', 0),
  (122, 59, 1, 2, '10*40(高强度）', '10*40(GQD', 0),
  (123, 59, 1, 2, '10*210', '10*210', 0),
  (124, 59, 1, 2, '20*50', '20*50', 0),
  (125, 59, 1, 2, '20*80', '20*80', 0),
  (126, 65, 1, 2, 'M5', 'M5', 0),
  (127, 65, 1, 2, 'M6', 'M6', 0),
  (128, 65, 1, 2, 'M8', 'M8', 0),
  (129, 65, 1, 2, 'M10（加厚）', 'M10JH', 0),
  (130, 65, 1, 2, 'M10（薄）', 'M10B', 0),
  (131, 65, 1, 2, 'M12（厚）', 'M12H', 0),
  (132, 65, 1, 2, 'M12（薄）', 'M12B', 0),
  (133, 65, 1, 2, 'M12（加大）', 'M12JD', 0),
  (134, 65, 1, 2, 'M6*24*2', 'M6*24*2', 0),
  (135, 66, 1, 2, 'M6', 'M6', 0),
  (136, 66, 1, 2, 'M8', 'M8', 0),
  (137, 66, 1, 2, 'M10', 'M10', 0),
  (138, 66, 1, 2, 'M12', 'M12', 0),
  (139, 62, 1, 2, '3*20', '3*20', 0),
  (140, 62, 1, 2, '3*30', '3*30', 0),
  (141, 62, 1, 2, '3*40', '3*40', 0),
  (142, 62, 1, 2, '4*12', '4*12', 0),
  (143, 62, 1, 2, '4*30', '4*30', 0),
  (144, 62, 1, 2, '4*40', '4*40', 0),
  (145, 62, 1, 2, '5*10', '5*10', 0),
  (146, 62, 1, 2, '6*15', '6*15', 0),
  (147, 62, 1, 2, '3*25', '3*25', 0),
  (148, 62, 1, 2, '5*20', '5*20', 0),
  (149, 64, 1, 1, '8*10', '8*10', 0),
  (150, 64, 1, 1, '8*30', '8*30', 0),
  (151, 64, 1, 1, '8*15', '8*15', 0),
  (152, 64, 1, 1, '8*20', '8*20', 0),
  (153, 64, 1, 1, '10*50', '10*50', 0),
  (154, 67, 1, 2, '2*20', '2*20', 0),
  (155, 67, 1, 2, '3*25', '3*25', 0),
  (156, 68, 0, 2, 'M3', 'M3', 0),
  (157, 68, 1, 2, 'M3', 'M3', 0),
  (158, 68, 1, 2, 'M4', 'M4', 0),
  (159, 68, 1, 2, 'M5', 'M5', 0),
  (160, 68, 1, 2, 'M6', 'M6', 0),
  (161, 68, 1, 2, 'M8', 'M8', 0),
  (162, 68, 1, 2, 'M10*1.5', 'M10*1.5', 0),
  (163, 68, 1, 2, 'M10*1.25*6', 'M10*1.25*6', 0),
  (164, 68, 1, 2, 'M12高强度', 'M12GQD', 0),
  (165, 68, 1, 2, 'M14*1.5', 'M14*1.5', 0),
  (166, 68, 1, 2, 'M14*1.25', 'M14*1.25', 0),
  (167, 68, 1, 2, 'M16*1.25', 'M16*1.25', 0),
  (168, 68, 1, 2, 'M16*1.5', 'M16*1.5', 0),
  (169, 68, 1, 2, 'M20', 'M20', 0),
  (170, 68, 1, 2, 'M20*1.5', 'M20*1.5', 0),
  (171, 68, 1, 2, 'M6防松帽', 'M6FSM', 0),
  (172, 68, 1, 2, 'M8防松帽', 'M8FSM', 0),
  (173, 68, 1, 2, 'M10防松帽', 'M10FSM', 0),
  (174, 68, 1, 2, 'M12防松帽', 'M12FSM', 0),
  (175, 61, 1, 2, '4*10', '4*10', 0),
  (176, 61, 1, 2, '5*10', '5*10', 0),
  (177, 61, 1, 2, '5*10', '5*10', 1),
  (178, 61, 1, 2, '5*10', '5*10', 1),
  (179, 61, 1, 2, '6*10', '6*10', 0),
  (180, 61, 1, 2, '6*15', '6*15', 0),
  (181, 61, 1, 2, '6*20', '6*20', 0),
  (182, 61, 1, 2, '6*30', '6*30', 0),
  (183, 61, 1, 2, '8*15', '8*15', 0),
  (184, 61, 1, 2, '10*20', '10*20', 0),
  (185, 63, 1, 2, '6*40', '6*40', 0),
  (186, 63, 1, 2, '8*70', '8*70', 0),
  (187, 69, 1, 2, '4*16', '4*16', 0),
  (188, 69, 1, 2, '6*20', '6*20', 0),
  (189, 69, 1, 2, '6*25', '6*25', 0),
  (190, 69, 1, 2, '6*30', '6*30', 0),
  (191, 69, 1, 2, '6*15', '6*15', 0),
  (192, 70, 1, 2, '3*20', '3*20', 0),
  (193, 70, 1, 2, '3*25', '3*25', 0),
  (194, 71, 1, 2, '6*6*30', '6*6*30', 0),
  (195, 71, 1, 2, '8*8*30', '8*8*30', 0),
  (196, 71, 1, 2, '8*8*95', '8*8*95', 0),
  (197, 72, 1, 1, '6*25', '6*25', 0),
  (198, 72, 1, 1, '6*45', '6*45', 0),
  (199, 73, 1, 2, '10*40', '10*40', 0),
  (200, 73, 1, 2, '10*60*M8', '10*60*M8', 0),
  (201, 69, 0, 2, '5.8*1310', '5.8*1310', 0),
  (202, 69, 0, 2, '5.8*900', '5.8*900', 0),
  (203, 69, 1, 2, 'M8*900', 'M8*900', 0),
  (204, 69, 1, 2, '5.8*1310', '5.8*1310', 0),
  (205, 69, 1, 2, '5.8*900', '5.8*900', 0),
  (206, 69, 1, 2, '8*1000', '8*1000', 0),
  (207, 69, 1, 2, '10*1000', '10*1000', 0),
  (208, 56, 1, 2, '8*8*1000', '8*8*1000', 0),
  (209, 56, 1, 2, '6*6*1000', '6*6*1000', 0),
  (210, 56, 1, 2, '14*14*1000', '14*14*1000', 0),
  (211, 56, 1, 2, '16*10*1000', '16*10*1000', 0),
  (212, 56, 1, 2, '18*18*1000', '18*18*1000', 0),
  (213, 56, 1, 2, '20*20*1000', '20*20*1000', 0),
  (214, 56, 1, 2, '20*12*1000', '20*12*1000', 0),
  (215, 56, 1, 2, '30*18*1000', '30*18*1000', 0),
  (216, 56, 1, 2, '12*12*1000', '12*12*1000', 0),
  (217, 56, 1, 2, '36*20*1000', '36*20*1000', 0),
  (218, 74, 1, 2, 'M14*1.5*160', 'M14*1.5*160', 0),
  (219, 74, 1, 2, 'M14*1.5*500', 'M14*1.5*500', 0),
  (220, 74, 1, 2, 'M14*1.5*900', 'M14*1.5*900', 0),
  (221, 74, 1, 2, 'M8*1000GB', 'M8*1000GB', 0),
  (222, 74, 1, 2, 'M10*1000GB', 'M10*1000GB', 0),
  (223, 75, 1, 2, '32*20', '32*20', 0),
  (224, 75, 1, 2, '32*30', '32*30', 0),
  (225, 75, 1, 2, '32*25', '32*25', 0),
  (226, 75, 1, 2, '32*25-B', '32*25-B', 0),
  (227, 78, 1, 2, '32*30-10-B', '32*30-10-B', 0),
  (228, 76, 1, 2, '20*100', '20*100', 0),
  (229, 76, 1, 2, '32*30-U', '32*30-U', 0),
  (230, 76, 1, 2, '20*10-U', '20*10-U', 0),
  (231, 76, 1, 2, '25*30-U', '25*30-U', 0),
  (232, 77, 1, 2, '63*1250', '63*1250', 0),
  (233, 77, 1, 2, '63*1650', '63*1650', 0),
  (234, 77, 1, 2, '50*40', '50*40', 0),
  (235, 77, 1, 2, '50*75', '50*75', 0),
  (236, 79, 1, 1, '15*15单动', '15*15DD', 0),
  (237, 80, 0, 1, 'PL螺纹弯通', 'PLLWWT', 0),
  (238, 80, 1, 2, 'SI16T/K', 'SI16T/K', 0),
  (239, 80, 1, 2, 'SI8T/K', 'SI8T/K', 0),
  (240, 81, 1, 2, '10-03', '10-03', 0),
  (241, 81, 1, 2, '10-02', '10-02', 0),
  (242, 81, 1, 2, '8-02', '8-02', 0),
  (243, 81, 1, 2, '8-01', '8-01', 0),
  (244, 81, 1, 2, '6-02', '6-02', 0),
  (245, 81, 1, 2, '6-01', '6-01', 0),
  (246, 82, 1, 2, '6', '6', 0),
  (247, 82, 1, 2, '8', '8', 0),
  (248, 83, 1, 2, '6', '6', 0),
  (249, 83, 1, 2, '8-6', '8-6', 0),
  (250, 84, 1, 2, '8-6', '8-6', 0),
  (251, 84, 1, 2, '10-8', '10-8', 0),
  (252, 85, 1, 2, '8-6', '8-6', 0),
  (253, 85, 1, 2, '10-8', '10-8', 0),
  (254, 86, 1, 2, '10-8', '10-8', 0),
  (255, 86, 1, 2, '8-6', '8-6', 0),
  (256, 103, 1, 2, '8', '8', 0),
  (257, 103, 1, 2, '6', '6', 0),
  (258, 103, 1, 2, '10', '10', 0),
  (259, 88, 1, 2, '6-01', '6-01', 0),
  (260, 88, 1, 2, '6-02', '6-02', 0),
  (261, 88, 1, 2, '8-01', '8-01', 0),
  (262, 88, 1, 2, '8-02', '8-02', 0),
  (263, 89, 1, 2, '6-01', '6-01', 0),
  (264, 89, 1, 2, '6-02', '6-02', 0),
  (265, 89, 1, 2, '8-01', '8-01', 0),
  (266, 89, 1, 2, '8-02', '8-02', 0),
  (267, 89, 1, 2, '10-02', '10-02', 0),
  (268, 89, 1, 2, '10-03', '10-03', 0),
  (269, 90, 1, 2, '6-01', '6-01', 0),
  (270, 90, 1, 2, '6-02', '6-02', 0),
  (271, 90, 1, 2, '6-03', '6-03', 0),
  (272, 90, 1, 2, '8-03', '8-03', 0),
  (273, 90, 1, 2, '8-02', '8-02', 0),
  (274, 90, 1, 2, '8-01', '8-01', 0),
  (275, 90, 1, 2, '10-01', '10-01', 0),
  (276, 90, 1, 2, '10-02', '10-02', 0),
  (277, 91, 1, 2, 'PSV-01', 'PSV-01', 0),
  (278, 91, 1, 2, 'PSV-02', 'PSV-02', 0),
  (279, 91, 1, 2, 'PSV-03', 'PSV-03', 0),
  (280, 91, 1, 2, 'PSV-04', 'PSV-04', 0),
  (281, 91, 1, 2, 'PSV-06', 'PSV-06', 0),
  (282, 91, 1, 2, 'PSV-10', 'PSV-10', 0),
  (283, 92, 1, 2, 'SCQ-02-03', 'SCQ-02-03', 0),
  (284, 94, 1, 2, 'CNT-09 1/4', 'CNT-09 1/4', 0),
  (285, 96, 1, 2, 'AR-TS', 'AR-TS', 0),
  (286, 98, 1, 2, 'QE-03', 'QE-03', 0),
  (287, 100, 1, 2, 'AC3010-03A', 'AC3010-03A', 0),
  (288, 101, 1, 2, 'AR-2000', 'AR-2000', 0),
  (289, 102, 1, 2, '200M-3F', '200M-3F', 0),
  (290, 102, 1, 2, '200M-3F', '200M-3F', 0),
  (291, 44, 1, 2, '2.4', '2.4', 0),
  (292, 44, 1, 2, '4.0', '4.0', 0),
  (293, 41, 1, 2, '圆电机1.5KW', 'YDJ1.5KW', 0),
  (294, 41, 1, 2, '3KW-2卧式', '3KW-2WS', 0),
  (295, 41, 1, 2, '2.2KW-2卧式', '2.2KW-2WS', 0),
  (296, 41, 1, 2, '40W振动电机A系列', '40WZDDJAXL', 0),
  (297, 41, 1, 2, '40W振动电机MJ-1300系列', '40WZDDJMJ-1300XL', 0),
  (298, 41, 1, 2, 'NMRV075-11-1.1KW', 'NMRV075-11-1.1KW', 1),
  (299, 41, 1, 2, 'NMRV075-11-1.1铝壳减速机（铝壳电机）', 'NMRV075-11-1.1LKJSJLKDJ', 0),
  (300, 43, 1, 2, '4V210-220', '4V210-220', 0),
  (301, 43, 1, 2, '4V310-220', '4V310-220', 0),
  (302, 104, 1, 2, '1*0.75', '1*0.75', 1),
  (303, 104, 0, 2, '2*0.75RV V', '2*0.75RV V', 0),
  (304, 104, 0, 2, '3*0.75RV V', '3*0.75RV V', 0),
  (305, 104, 0, 2, '4*0.75RV V', '4*0.75RV V', 0),
  (306, 104, 0, 2, '5*0.75RV V', '5*0.75RV V', 0),
  (307, 104, 0, 2, '6*0.75RV V', '6*0.75RV V', 0),
  (308, 104, 1, 2, '3*1.5硅胶圆电缆', '3*1.5GJYDL', 1),
  (309, 104, 1, 2, '3*1.5硅胶扁电缆', '3*1.5GJBDL', 1),
  (310, 104, 0, 2, '3*2.5橡胶', '3*2.5XJ', 0),
  (311, 104, 0, 2, '3*1.0橡胶 GB', '3*1.0XJ GB', 0),
  (312, 105, 1, 2, '36伏 NPN 常开 三线 圆头', '36F NPN CK SX YT', 0),
  (313, 105, 1, 2, '36伏 NPN 常开 三线 方头', '36F NPN CK SX FT', 0),
  (314, 48, 1, 2, '尼龙扎口', 'NLZK', 1),
  (315, 119, 1, 2, '百玻璃片', 'BBLP', 0),
  (316, 119, 1, 2, '黑玻璃片', 'HBLP', 0),
  (317, 117, 1, 2, '气保焊帽', 'QBHM', 0),
  (318, 117, 1, 2, '电焊帽', 'DHM', 0),
  (319, 120, 1, 2, '1*0.75', '1*0.75', 0),
  (320, 120, 1, 2, '2*0.75', '2*0.75', 0),
  (321, 120, 1, 2, '3*0.75', '3*0.75', 0),
  (322, 120, 1, 2, '4*0.75', '4*0.75', 0),
  (323, 120, 1, 2, '5*0.75', '5*0.75', 0),
  (324, 120, 1, 2, '6*0.75', '6*0.75', 0),
  (325, 121, 1, 2, '3*1.5扁电缆', '3*1.5BDL', 0),
  (326, 121, 1, 2, '3*1.5圆电缆', '3*1.5YDL', 0),
  (327, 122, 1, 2, '3*2.5', '3*2.5', 1),
  (328, 122, 1, 2, '3*2.5', '3*2.5', 0),
  (329, 122, 1, 2, '3*1.0 GB', '3*1.0 GB', 0),
  (330, 109, 1, 2, 'PG16黑', 'PG16H', 0),
  (331, 109, 1, 2, 'PG9黑', 'PG9H', 0),
  (332, 123, 1, 2, '2.5', '2.5', 0),
  (333, 123, 1, 2, '3.0', '3.0', 0),
  (334, 123, 1, 2, '3.2', '3.2', 0),
  (335, 123, 1, 2, '3.5', '3.5', 0),
  (336, 123, 1, 2, '3.8', '3.8', 0),
  (337, 123, 1, 2, '3.9', '3.9', 0),
  (338, 123, 1, 2, '4.0', '4.0', 0),
  (339, 123, 1, 2, '4.1', '4.1', 0),
  (340, 123, 1, 2, '4.2', '4.2', 0),
  (341, 123, 1, 2, '4.8', '4.8', 0),
  (342, 123, 1, 2, '5.0', '5.0', 0),
  (343, 123, 1, 2, '5.2', '5.2', 0),
  (344, 123, 1, 2, '5.9', '5.9', 0),
  (345, 123, 1, 2, '6.0', '6.0', 0),
  (346, 123, 1, 2, '6.3', '6.3', 0),
  (347, 123, 1, 2, '6.5', '6.5', 0),
  (348, 123, 1, 2, '6.8', '6.8', 0),
  (349, 123, 1, 2, '6.9', '6.9', 0),
  (350, 123, 1, 2, '7.0', '7.0', 0),
  (351, 123, 1, 2, '7.8', '7.8', 0),
  (352, 123, 1, 2, '7.9', '7.9', 0),
  (353, 123, 1, 2, '8.0', '8.0', 0),
  (354, 123, 1, 2, '8.2', '8.2', 0),
  (355, 123, 1, 2, '8.5', '8.5', 0),
  (356, 123, 1, 2, '8.8', '8.8', 0),
  (357, 123, 1, 2, '9.0', '9.0', 0),
  (358, 123, 1, 2, '9.3', '9.3', 0),
  (359, 123, 1, 2, '9.5', '9.5', 0),
  (360, 123, 1, 2, '10.0', '10.0', 0),
  (361, 123, 1, 2, '10.2', '10.2', 0),
  (362, 123, 1, 2, '10.5', '10.5', 0),
  (363, 123, 1, 2, '10.7', '10.7', 0),
  (364, 123, 1, 2, '11.0', '11.0', 0),
  (365, 123, 1, 2, '11.2', '11.2', 0),
  (366, 123, 1, 2, '11.5', '11.5', 0),
  (367, 123, 1, 2, '11.7', '11.7', 0),
  (368, 123, 1, 2, '12.0', '12.0', 0),
  (369, 123, 1, 2, '12.5', '12.5', 0),
  (370, 123, 1, 2, '13.0', '13.0', 0),
  (371, 123, 1, 2, '13.5', '13.5', 0),
  (372, 123, 1, 2, '14.0', '14.0', 0),
  (373, 123, 1, 2, '14.5', '14.5', 0),
  (374, 123, 1, 2, '15.0', '15.0', 0),
  (375, 123, 1, 2, '16.0', '16.0', 0),
  (376, 123, 1, 2, '17.0', '17.0', 0),
  (377, 123, 1, 2, '18.0', '18.0', 0),
  (378, 123, 1, 2, '18.5', '18.5', 0),
  (379, 123, 1, 2, '20.0', '20.0', 0),
  (380, 123, 1, 2, '22.0', '22.0', 0),
  (381, 123, 1, 2, '20.5', '20.5', 0),
  (382, 137, 1, 2, '3', '3', 0),
  (383, 137, 1, 2, '4', '4', 0),
  (384, 137, 1, 2, '5', '5', 0),
  (385, 137, 1, 2, '6', '6', 0),
  (386, 137, 1, 2, '8', '8', 0),
  (387, 137, 1, 2, '10*1.5', '10*1.5', 0),
  (388, 137, 1, 2, '10*1.。25', '10*1.25', 1),
  (389, 137, 1, 2, '10*1.25', '10*1.25', 0),
  (390, 137, 1, 2, '12', '12', 0),
  (391, 137, 1, 2, '10*1.25', '10*1.25', 0),
  (392, 137, 1, 2, '12.5', '12.5', 0),
  (393, 137, 1, 2, '14*1.5', '14*1.5', 0),
  (394, 137, 1, 2, '14*1.25', '14*1.25', 0),
  (395, 137, 1, 2, '16*1.5', '16*1.5', 0),
  (396, 137, 1, 2, '16*1.25', '16*1.25', 0),
  (397, 137, 1, 2, '18*1.5', '18*1.5', 0),
  (398, 137, 1, 2, '20*1.5', '20*1.5', 0),
  (399, 137, 1, 2, '22*1.5', '22*1.5', 0),
  (400, 137, 1, 2, '5 螺旋', '5 LX', 0),
  (401, 137, 1, 2, '6 螺旋', '6 LX', 0),
  (402, 139, 1, 2, '5', '5', 0),
  (403, 139, 1, 2, '6', '6', 0),
  (404, 140, 1, 2, '5', '5', 0),
  (405, 140, 1, 2, '6', '6', 0),
  (406, 125, 1, 2, '3*6*8*52', '3*6*8*52', 0),
  (407, 125, 1, 2, '4*6*8*52', '4*6*8*52', 0),
  (408, 125, 1, 2, '6*6*13*57', '6*6*13*57', 0),
  (409, 125, 1, 2, '7*8*16*60', '7*8*16*60', 0),
  (410, 125, 1, 2, '8*8*19*63', '8*8*19*63', 0),
  (411, 125, 1, 2, '9*8*19*63', '9*8*19*63', 0),
  (412, 125, 1, 2, '10810*22*72', '10810*22*72', 1),
  (413, 125, 1, 2, '10*10*22*72', '10*10*22*72', 0),
  (414, 125, 1, 2, '12*12*26*83', '12*12*26*83', 0),
  (415, 125, 1, 2, '14*12*26*83', '14*12*26*83', 0),
  (416, 125, 1, 2, '16*16*32*92', '16*16*32*92', 0),
  (417, 125, 1, 2, '20*20*38*123', '20*20*38*123', 0),
  (418, 125, 1, 2, '22*20*38*123', '22*20*38*123', 0),
  (419, 125, 1, 2, '24*20*38*123', '24*20*38*123', 0),
  (420, 132, 1, 2, '400*3.2*32大切割片', '400*3.2*32DQGP', 0),
  (421, 132, 1, 2, '100*2*1小切割片', '100*2*1QGP', 0),
  (422, 133, 1, 2, '125*6*22大磨光片', '125*6*22DMGP', 0),
  (423, 133, 1, 2, '100*6*16小磨光片', '100*6*16MGP', 0),
  (424, 134, 1, 2, '100', '100', 0),
  (425, 135, 1, 2, '30*25*6', '30*25*6', 0),
  (426, 135, 1, 2, '25*25*6', '25*25*6', 0),
  (427, 135, 1, 2, '20*25*6', '20*25*6', 0),
  (428, 136, 1, 2, '25*25*6尖头砂轮磨头', '25*25*6JTSLMT', 0),
  (429, 136, 1, 2, '圆头砂轮磨头', 'YTSLMT', 0),
  (430, 136, 1, 1, '尖头砂轮磨头', 'JTSLMT', 0),
  (431, 126, 1, 2, '0-25', '0-25', 0),
  (432, 126, 1, 2, '25-50', '25-50', 0),
  (433, 126, 1, 2, '50-75', '50-75', 0),
  (434, 126, 1, 2, '75-100', '75-100', 0),
  (435, 127, 1, 2, '18-35', '18-35', 0),
  (436, 127, 1, 2, '35-50', '35-50', 0),
  (437, 127, 1, 2, '50-160', '50-160', 0),
  (438, 142, 1, 2, '25-50', '25-50', 0),
  (439, 129, 1, 2, '0-150', '0-150', 0),
  (440, 129, 1, 2, '0-300', '0-300', 0),
  (441, 131, 1, 1, '截刀刀杆', 'JDDG', 0),
  (442, 131, 1, 1, '平面刀杆', 'PMDG', 0),
  (443, 143, 1, 2, 'YW1C120', 'YW1C120', 0),
  (444, 144, 1, 2, 'YW1A320', 'YW1A320', 0),
  (445, 145, 1, 2, 'YW1C305', 'YW1C305', 0),
  (446, 146, 1, 2, 'YW2', 'YW2', 0),
  (447, 147, 1, 2, 'YW1', 'YW1', 0),
  (448, 141, 1, 2, '250*25*32*60#', '250*25*32*60#', 0),
  (449, 141, 1, 2, '400*50*127  棕刚玉 L5', '400*50*127  ZGY L5', 0);

-- --------------------------------------------------------

--
-- 表的结构 `x_data_model_fields`
--

CREATE TABLE IF NOT EXISTS `x_data_model_fields` (
  `id` int(11) NOT NULL AUTO_INCREMENT,
  `model_id` int(11) NOT NULL,
  `display_name` varchar(30) NOT NULL,
  `field_name` varchar(30) NOT NULL,
  `type` varchar(20) NOT NULL,
  `extra_data` text NOT NULL,
  `listorder` smallint(2) NOT NULL DEFAULT '99',
  `deleted` smallint(1) NOT NULL DEFAULT '0',
  PRIMARY KEY (`id`),
  KEY `model_id` (`model_id`),
  KEY `type` (`type`),
  KEY `listorder` (`listorder`),
  KEY `deleted` (`deleted`)
) ENGINE=MyISAM  DEFAULT CHARSET=utf8 AUTO_INCREMENT=3 ;

--
-- 导出表中的数据 `x_data_model_fields`
--

INSERT INTO `x_data_model_fields` (`id`, `model_id`, `display_name`, `field_name`, `type`, `extra_data`, `listorder`, `deleted`) VALUES
  (1, 1, '规格', 'standard', 'text', '', 99, 0),
  (2, 1, '型号', 'version', 'text', '', 99, 0);

-- --------------------------------------------------------

--
-- 表的结构 `x_goods_category`
--

CREATE TABLE IF NOT EXISTS `x_goods_category` (
  `id` int(11) NOT NULL AUTO_INCREMENT,
  `pid` int(5) NOT NULL DEFAULT '0',
  `name` varchar(50) NOT NULL,
  `bind_model` smallint(5) NOT NULL,
  `pinyin` varchar(15) DEFAULT NULL,
  `lft` smallint(5) NOT NULL,
  `rgt` smallint(5) NOT NULL,
  `listorder` smallint(5) NOT NULL DEFAULT '99',
  `deleted` smallint(1) NOT NULL DEFAULT '0',
  PRIMARY KEY (`id`),
  KEY `lft` (`lft`,`rgt`,`listorder`),
  KEY `parentid` (`pid`),
  KEY `pinyin` (`pinyin`),
  KEY `bind_model` (`bind_model`),
  KEY `deleted` (`deleted`)
) ENGINE=InnoDB  DEFAULT CHARSET=utf8 AUTO_INCREMENT=151 ;

--
-- 导出表中的数据 `x_goods_category`
--

INSERT INTO `x_goods_category` (`id`, `pid`, `name`, `bind_model`, `pinyin`, `lft`, `rgt`, `listorder`, `deleted`) VALUES
  (1, 0, '主节点不要删除', 0, NULL, 1, 226, 99, 0),
  (13, 1, '成品', 1, 'CP', 2, 13, 99, 0),
  (14, 1, '半成品零部件', 1, 'LBJ', 14, 127, 99, 0),
  (15, 1, '耗材', 1, 'HC', 128, 183, 99, 0),
  (16, 14, '五金件', 1, 'BZJ', 15, 124, 99, 0),
  (18, 16, '气动件', 1, 'QGL', 16, 73, 99, 0),
  (19, 14, '焊接件', 1, 'HJJ', 125, 126, 99, 0),
  (21, 16, '轴承类', 1, 'ZCL', 74, 87, 99, 0),
  (22, 13, '整机产品', 1, 'ZJCP', 3, 4, 99, 0),
  (23, 13, '成品零部件', 1, 'CPLBJ', 5, 6, 99, 0),
  (24, 13, '总成', 1, 'ZC', 7, 12, 99, 0),
  (26, 1, '机电类', 1, 'JDL', 184, 223, 2, 0),
  (27, 21, '直线轴承', 1, 'ZXZC', 75, 76, 99, 0),
  (28, 21, '深沟球轴承', 1, 'SGQZC', 77, 78, 99, 0),
  (29, 21, '直线导轨', 1, 'ZXDG', 79, 80, 99, 0),
  (30, 21, '滚针轴承', 1, 'GZZC', 81, 82, 99, 0),
  (31, 21, '压力轴承', 1, 'YLZC', 83, 84, 99, 0),
  (32, 18, '气缸', 1, 'QG', 17, 28, 99, 0),
  (34, 18, '气管', 1, 'QG', 29, 30, 99, 0),
  (35, 18, '气动辅件', 1, 'QDFJ', 31, 72, 99, 0),
  (41, 26, '电机', 1, '3KWDJ', 185, 186, 99, 0),
  (43, 26, '电磁阀', 1, 'DCF', 187, 188, 99, 0),
  (44, 15, '焊条', 1, 'HT', 129, 130, 99, 0),
  (46, 15, '磨具', 1, 'MJ', 131, 144, 99, 0),
  (47, 15, '量刃具', 1, 'LRJ', 145, 182, 99, 0),
  (48, 26, '机电辅件', 1, 'JDFJ', 189, 202, 99, 0),
  (55, 16, '销子', 1, 'YX', 88, 99, 99, 0),
  (56, 16, '平键', 1, 'PJ', 100, 101, 99, 0),
  (57, 16, '螺丝', 1, 'LS', 102, 117, 99, 0),
  (58, 57, '内六角8.8', 1, 'NLJ', 103, 104, 99, 0),
  (59, 57, '外六角4.2级', 1, 'WLJ4.2J', 105, 106, 99, 0),
  (61, 57, '沉头内六角', 1, 'CTNLJ', 107, 108, 99, 0),
  (62, 57, '半圆头十字花', 1, 'BYTSZH', 109, 110, 99, 0),
  (63, 57, '平头十字花', 1, 'PTSZH', 111, 112, 99, 0),
  (64, 57, '顶丝', 1, 'DS', 113, 114, 99, 0),
  (65, 16, '平垫', 1, 'PD', 118, 119, 99, 0),
  (66, 16, '弹簧垫', 1, 'DHD', 120, 121, 99, 0),
  (68, 57, '螺丝帽', 1, 'LSM', 115, 116, 99, 0),
  (69, 55, '圆柱销', 1, 'YZX', 89, 90, 99, 0),
  (70, 55, '开口销', 1, 'KKX', 91, 92, 99, 0),
  (71, 55, '方销', 1, 'FX', 93, 94, 99, 0),
  (72, 55, 'T型圆销', 1, 'TXX', 95, 96, 99, 0),
  (73, 55, '锥度销', 1, 'ZDX', 97, 98, 99, 0),
  (74, 16, '丝杠', 1, 'SG', 122, 123, 99, 0),
  (75, 32, 'SDA', 1, 'SDA', 18, 19, 99, 0),
  (76, 32, 'MAL', 1, 'MAL', 20, 21, 99, 0),
  (77, 32, 'SC', 1, 'SC', 22, 23, 99, 0),
  (78, 32, 'SDAJ', 1, 'SDAJ', 24, 25, 99, 0),
  (79, 32, 'CJPB', 1, 'CJPB', 26, 27, 99, 0),
  (80, 21, '关节轴承', 1, 'GJZC', 85, 86, 99, 0),
  (81, 35, 'PL-螺纹弯通', 1, 'PLLWWT', 32, 33, 99, 0),
  (82, 35, 'PE-T型三通', 1, 'PE-TXST', 34, 35, 99, 0),
  (83, 35, 'PN-Y型三通变径', 1, 'PN-YXSTBJ', 36, 37, 99, 0),
  (84, 35, 'PEN-三通变径', 1, 'PEN-STBJ', 38, 39, 99, 0),
  (85, 35, 'PEND-三通变径', 1, 'PEND-STBJ', 40, 41, 99, 0),
  (86, 35, 'PG-变径直通', 1, 'PG-BJZT', 42, 43, 99, 0),
  (88, 35, 'PB-螺纹正三通', 1, 'PB-LWZST', 44, 45, 99, 0),
  (89, 35, 'PC-螺纹直通', 1, 'PC-LWZT', 46, 47, 99, 0),
  (90, 35, 'SC-单向节流阀', 1, 'SC-DXJLF', 48, 49, 99, 0),
  (91, 35, 'PV-铜消音器', 1, 'PV-TXYQ', 50, 51, 99, 0),
  (92, 35, 'BW-双外牙', 1, 'BW-SWY', 52, 53, 99, 0),
  (93, 35, '球阀双内丝', 1, 'SCQQFSNS', 54, 55, 99, 0),
  (94, 35, '铜三通', 1, 'CNTTST', 56, 57, 99, 0),
  (96, 35, '气枪', 1, 'QQ', 58, 59, 99, 0),
  (98, 35, '快速排气阀', 1, 'KSPQF', 60, 61, 99, 0),
  (99, 35, '生料带', 1, 'SLD', 62, 63, 99, 0),
  (100, 35, '两联体', 1, 'LLT', 64, 65, 99, 0),
  (101, 35, '小调压阀', 1, 'DYF', 66, 67, 99, 0),
  (102, 35, '汇流板', 1, 'HLB', 68, 69, 99, 0),
  (103, 35, 'PU-直通', 1, 'PU-ZT', 70, 71, 99, 0),
  (104, 26, '电缆线', 1, 'DLX', 203, 210, 99, 0),
  (105, 26, '接近开关', 1, 'JJKG', 211, 212, 99, 0),
  (106, 48, '尼龙扎扣', 1, 'NLZK', 190, 191, 99, 0),
  (107, 48, '绕线管', 1, 'RXG', 192, 193, 99, 0),
  (108, 48, '接线盒（套）', 1, 'JXH', 194, 195, 99, 0),
  (109, 26, '电缆接头', 1, 'DLJT', 213, 214, 99, 0),
  (112, 26, '线路盘MJ-1300系列', 1, 'XLPMJ-1300XL', 215, 216, 99, 0),
  (113, 26, '线路盘A系列', 1, 'XLPAXL', 217, 218, 99, 0),
  (114, 26, '空气开关', 1, 'KQKG', 219, 220, 99, 0),
  (115, 48, '热缩管', 1, 'RSG', 196, 197, 99, 0),
  (116, 26, '漏电保护器', 1, 'LDBHQ', 221, 222, 99, 0),
  (117, 48, '电焊帽', 1, 'DHM', 198, 199, 99, 0),
  (119, 48, '玻璃片', 1, 'BLP', 200, 201, 99, 0),
  (120, 104, 'RVV', 1, 'RVV', 204, 205, 99, 0),
  (121, 104, '硅橡胶', 1, 'GXJ', 206, 207, 99, 0),
  (122, 104, '黑橡胶', 1, 'HXJ', 208, 209, 99, 0),
  (123, 47, '麻花钻', 1, 'MHZ', 146, 147, 99, 0),
  (124, 47, '丝锥', 1, 'SZ', 148, 155, 99, 0),
  (125, 47, '铣刀', 1, 'XD', 156, 157, 99, 0),
  (126, 47, '外径千分尺', 1, 'WJQFC', 158, 159, 99, 0),
  (127, 47, '内径百分表', 1, 'NJBFB', 160, 161, 99, 0),
  (128, 47, '磁力表', 1, 'CLB', 162, 163, 99, 0),
  (129, 47, '游标卡尺', 1, 'YBKC', 164, 165, 99, 0),
  (130, 47, '刀头', 1, 'DT', 166, 177, 99, 0),
  (131, 47, '刀杆', 1, 'DG', 178, 179, 99, 0),
  (132, 46, '切割片', 1, 'QGP', 132, 133, 99, 0),
  (133, 46, '磨光片', 1, 'MGPP', 134, 135, 99, 0),
  (134, 46, '抛光片', 1, 'PGP', 136, 137, 99, 0),
  (135, 46, '纱布磨头', 1, 'SBMT', 138, 139, 99, 0),
  (136, 46, '砂轮磨头', 1, 'SLMT', 140, 141, 99, 0),
  (137, 124, '机用丝锥H2', 1, 'SYSZ', 149, 150, 99, 0),
  (139, 124, '不锈钢丝锥', 1, 'BXGSZ', 151, 152, 99, 0),
  (140, 124, '螺旋丝锥', 1, 'LXSZ', 153, 154, 99, 0),
  (141, 46, '砂轮', 1, 'SL', 142, 143, 99, 0),
  (142, 47, '内测千分尺', 1, 'NCQFC', 180, 181, 99, 0),
  (143, 130, '挑丝刀头', 1, 'TSDT', 167, 168, 99, 0),
  (144, 130, '平面刀头', 1, 'PMDT', 169, 170, 99, 0),
  (145, 130, '截刀刀头', 1, 'JDDT', 171, 172, 99, 0),
  (146, 130, '三角刀头', 1, 'SJDT', 173, 174, 99, 0),
  (147, 130, '四角刀头', 1, 'SJDT', 175, 176, 99, 0),
  (148, 24, '定位器', 1, 'DQ', 8, 9, 99, 0),
  (149, 24, '支架', 1, 'ZJ', 10, 11, 99, 0),
  (150, 1, '半成品零部件', 1, 'BCPLBJ', 224, 225, 99, 0);
